{
  "collapse-filter": false,
  "search": "",
  "showTags": true,
  "showAttachments": false,
  "hideUnresolved": false,
  "showOrphans": true,
  "collapse-color-groups": false,
  "colorGroups": [
    {
      "query": "path:Races  ",
      "color": {
        "a": 1,
        "rgb": 16711680
      }
    },
    {
      "query": "path:Classes  ",
      "color": {
        "a": 1,
        "rgb": 65280
      }
    },
    {
      "query": "path:\"Académies/Zénithia, l'académie des Artistes Martiaux\"  ",
      "color": {
        "a": 1,
        "rgb": 255
      }
    },
    {
      "query": "path:\"Académies/La Guilde des Aventuriers\"  ",
      "color": {
        "a": 1,
        "rgb": 16776960
      }
    },
    {
      "query": "path:\"Académies/Arcédia, l'académie des Mages\"  ",
      "color": {
        "a": 1,
        "rgb": 16711935
      }
    },
    {
      "query": "path:\"Religions/L'église de la pluie éternelle\"  ",
      "color": {
        "a": 1,
        "rgb": 65535
      }
    },
    {
      "query": "path:\"Religions/Les enfants de la pluie\"  ",
      "color": {
        "a": 1,
        "rgb": 0
      }
    },
    {
      "query": "path:Langues  ",
      "color": {
        "a": 1,
        "rgb": 16777215
      }
    }
  ],
  "collapse-display": false,
  "showArrow": false,
  "textFadeMultiplier": 0,
  "nodeSizeMultiplier": 1.80397923875433,
  "lineSizeMultiplier": 5,
  "collapse-forces": false,
  "centerStrength": 0.596885813148789,
  "repelStrength": 9.10034602076125,
  "linkStrength": 1,
  "linkDistance": 30,
  "scale": 1.0000000000000013,
  "close": true
}