{
  "main": {
    "id": "bd0f91de784d0aa0",
    "type": "split",
    "children": [
      {
        "id": "1132603e2bf16424",
        "type": "tabs",
        "children": [
          {
            "id": "1fa5025ffc7939f0",
            "type": "leaf",
            "state": {
              "type": "markdown",
              "state": {
                "file": "Religions/L'église de la pluie éternelle/L'église de la pluie éternelle.md",
                "mode": "source",
                "source": false
              },
              "icon": "lucide-file",
              "title": "L'église de la pluie éternelle"
            }
          },
          {
            "id": "de91b38ba31edef0",
            "type": "leaf",
            "state": {
              "type": "markdown",
              "state": {
                "file": "Races/Humain.md",
                "mode": "source",
                "source": false
              },
              "icon": "lucide-file",
              "title": "Humain"
            }
          },
          {
            "id": "6ea7560ff287f08a",
            "type": "leaf",
            "state": {
              "type": "markdown",
              "state": {
                "file": "Races/Nain.md",
                "mode": "source",
                "source": false
              },
              "icon": "lucide-file",
              "title": "Nain"
            }
          },
          {
            "id": "91897ae51aa0bcbf",
            "type": "leaf",
            "state": {
              "type": "markdown",
              "state": {
                "file": "Races/Wraith.md",
                "mode": "source",
                "source": false
              },
              "icon": "lucide-file",
              "title": "Wraith"
            }
          },
          {
            "id": "9dd4abed5eef50b7",
            "type": "leaf",
            "state": {
              "type": "markdown",
              "state": {
                "file": "Races/Nox.md",
                "mode": "source",
                "source": false
              },
              "icon": "lucide-file",
              "title": "Nox"
            }
          },
          {
            "id": "b89f86c8a454778b",
            "type": "leaf",
            "state": {
              "type": "markdown",
              "state": {
                "file": "Religions/Les enfants de la nuit/Livre Noir.md",
                "mode": "source",
                "source": false
              },
              "icon": "lucide-file",
              "title": "Livre Noir"
            }
          },
          {
            "id": "f7abfb050263777d",
            "type": "leaf",
            "state": {
              "type": "markdown",
              "state": {
                "file": "Religions/Religion.md",
                "mode": "source",
                "source": false
              },
              "icon": "lucide-file",
              "title": "Religion"
            }
          }
        ],
        "currentTab": 5
      }
    ],
    "direction": "vertical"
  },
  "left": {
    "id": "949ba4c9b7d24bb3",
    "type": "split",
    "children": [
      {
        "id": "176533067ffe618e",
        "type": "tabs",
        "children": [
          {
            "id": "520d137f3a5f0b2e",
            "type": "leaf",
            "state": {
              "type": "file-explorer",
              "state": {
                "sortOrder": "alphabetical",
                "autoReveal": false
              },
              "icon": "lucide-folder-closed",
              "title": "Files"
            }
          },
          {
            "id": "2c13664979c72f61",
            "type": "leaf",
            "state": {
              "type": "search",
              "state": {
                "query": "",
                "matchingCase": false,
                "explainSearch": false,
                "collapseAll": false,
                "extraContext": false,
                "sortOrder": "alphabetical"
              },
              "icon": "lucide-search",
              "title": "Search"
            }
          },
          {
            "id": "a17564281299a40b",
            "type": "leaf",
            "state": {
              "type": "bookmarks",
              "state": {},
              "icon": "lucide-bookmark",
              "title": "Bookmarks"
            }
          }
        ]
      }
    ],
    "direction": "horizontal",
    "width": 300
  },
  "right": {
    "id": "e527ec20757029c8",
    "type": "split",
    "children": [
      {
        "id": "0e943c7c34cddd04",
        "type": "tabs",
        "children": [
          {
            "id": "e837bcc265934d38",
            "type": "leaf",
            "state": {
              "type": "backlink",
              "state": {
                "file": "Religions/Religion.md",
                "collapseAll": false,
                "extraContext": false,
                "sortOrder": "alphabetical",
                "showSearch": false,
                "searchQuery": "",
                "backlinkCollapsed": false,
                "unlinkedCollapsed": true
              },
              "icon": "links-coming-in",
              "title": "Backlinks for Religion"
            }
          },
          {
            "id": "7c991697f262f45b",
            "type": "leaf",
            "state": {
              "type": "outgoing-link",
              "state": {
                "file": "Religions/Religion.md",
                "linksCollapsed": false,
                "unlinkedCollapsed": true
              },
              "icon": "links-going-out",
              "title": "Outgoing links from Religion"
            }
          },
          {
            "id": "ca931d205b46415e",
            "type": "leaf",
            "state": {
              "type": "tag",
              "state": {
                "sortOrder": "frequency",
                "useHierarchy": true
              },
              "icon": "lucide-tags",
              "title": "Tags"
            }
          },
          {
            "id": "0d508a61d4a9d2dc",
            "type": "leaf",
            "state": {
              "type": "outline",
              "state": {
                "file": "Religions/Religion.md"
              },
              "icon": "lucide-list",
              "title": "Outline of Religion"
            }
          },
          {
            "id": "621b14307cc1d72d",
            "type": "leaf",
            "state": {
              "type": "git-view",
              "state": {},
              "icon": "git-pull-request",
              "title": "Source Control"
            }
          }
        ],
        "currentTab": 4
      }
    ],
    "direction": "horizontal",
    "width": 300
  },
  "left-ribbon": {
    "hiddenItems": {
      "switcher:Open quick switcher": false,
      "graph:Open graph view": false,
      "canvas:Create new canvas": false,
      "daily-notes:Open today's daily note": false,
      "templates:Insert template": false,
      "command-palette:Open command palette": false,
      "obsidian-git:Open Git source control": false
    }
  },
  "active": "b89f86c8a454778b",
  "lastOpenFiles": [
    "Religions/Les enfants de la nuit/Les enfants de la nuit.md",
    "Religions/Les enfants de la nuit/Livre Noir.md",
    "Religions/Les enfants de la nuit/Rangs/1. Éclipse.md",
    "Religions/Religion.md",
    "ChatGPT Image May 20, 2025, 12_52_26 PM.png",
    "ChatGPT Image May 20, 2025, 01_57_22 PM.png",
    "Religions/Les enfants de la nuit/Rangs/3. Ombre.md",
    "Religions/Les enfants de la nuit/Rangs/4. Crépuscule.md",
    "Religions/Les enfants de la nuit/Rangs/2. Ténèbres.md",
    "Enfants_de_la_nuit.webp",
    "Races/Wraith.md",
    "Guildes/Arcédia, l'académie des Mages/Rangs/2. Premier Cercle.md",
    "Guildes/Arcédia, l'académie des Mages/Rangs/3. Second Cercle.md",
    "Guildes/Arcédia, l'académie des Mages/Rangs/1. Archimage.md",
    "Guildes/Arcédia, l'académie des Mages/Arcédia.md",
    "Guildes/Zénithia, l'académie des Artistes Martiaux/Zénithia.md",
    "Guildes/Zénithia, l'académie des Artistes Martiaux/Rangs/6. Cinq Étoiles.md",
    "Guildes/Zénithia, l'académie des Artistes Martiaux/Rangs/4. Trois Étoiles.md",
    "Races/Thül.md",
    "Races/Nox.md",
    "Races/Nain.md",
    "Races/Humain.md",
    "Races/Elfe.md",
    "Classes/Marchombre.md",
    "Religions/L'église de la pluie éternelle/Rangs/2. Mur.md",
    "Religions/L'église de la pluie éternelle/Rangs/3. Bouclier.md",
    "Religions/L'église de la pluie éternelle/Rangs/4. Main.md",
    "Religions/L'église de la pluie éternelle/Rangs/1. Héraut.md",
    "Capacités",
    "PNJ",
    "Religions/Les enfants de la nuit/Rangs",
    "Religions/L'église de la pluie éternelle/Rangs",
    "Langues",
    "Guildes/Arcédia, l'académie des Mages/Rangs",
    "Guildes/La Guilde des Aventuriers/Rangs",
    "Guildes/Zénithia, l'académie des Artistes Martiaux/Rangs",
    "Guildes/La Guilde des Aventuriers",
    "Guildes/Zénithia, l'académie des Artistes Martiaux",
    "Classes/Untitled.canvas",
    "Untitled.canvas"
  ]
}